"Chen, Wenzhi",1
"Chen, L.",1
Mengchao Xu,1
"Raju, Raghu Nandi",1
"Pan, Yubiao",1
"Touriño, Juan",1
"Somani, Arun K.",1
Jian Guo,1
"Kim, Jae Eun",1
Changhyun Kim,1
"Dalibard, Valentin",1
"Zhang, Jing",1
Jin Ho Kim,1
"Kumbhar, Pramod S.",1
"Sehrish, Saba",1
R. Jin,1
"Sreenivas, Ravella C.",1
"Sha, Edwin H.-M.",1
D. Park,1
Dingding Li,1
X. Liao,1
"Park, Sangsoo",1
"Gao, Congming",1
"Liu, Mingchao",1
"Biddiscombe, John",1
A. Laga,1
R. Bellofatto,1
Hong An,1
"He, S.",1
"Wang, Yicheng",1
S. W. Son,1
"Liu, Yao-Hong",1
"Jung, Myoungsoo",1
Roberto R. Expósito,1
"Zhou, J.",1
Y. Mao,1
Jie Zhou,1
O. Isfort,1
"Wang, Yangyang",1
X. Gu,1
K. Kim,1
"Yang, Joon-Sung",1
"Nie, Shiqiang",1
Z. An,1
A. M. K. Cheng,1
Xiaofei Liao,1
"Chien, Andrew A.",1
W. Xumin,1
U. V. Catalyurek,1
P. Morjan,1
Wenzhi Cao,1
"Salk, Jürgen",1
"Xing, Chunxiao",1
"Kochut, Andrzej",1
J. Majors,1
"Koo, Donghun",1
M. Paulitsch,1
"Liu, Zhuo",1
S. S. Iyengar,1
Q. Fang,1
Ping Luo,1
"Hui, Jiao",1
"Li, Shun-Fen",1
T. Makatos,1
S. Larsen,1
Linpeng Huang,1
"Woo, Youngjoo",1
"Andrews, A.",1
"Wang, Jiayin",1
M. Wasi-ur-Rahman,1
D. Donofrio,1
"Wang, Huibing",1
L. Qiao,1
K. Park,1
"Byna, S.",1
"Li, Keqin",1
Gauhar Eram Shaikh,1
"Xiao, Limin",1
"Kwak, Dongho",1
S. R. Sarangi,1
Wei Xie,1
"Yang, Dong-Lin",1
A. Y. Zomaya,1
B. Van Essen,1
"Chen, Haiquan",1
Jong Choi,1
"Seelam, Seetharami R.",1
"Li, Hong-yan",1
Y. Bao,1
"Wang, Yufeng",1
S. H. Baek,1
K. Keahey,1
"Chang, Chen-Yu",1
R. Warren,1
"Gan, Yanglan",1
J. Kimmel,1
Jingsheng Zheng,1
S. Sasaki,1
Jae-Wook Lee,1
Jung-Bae Lee,1
D. J. DeWitt,1
H. Aít-kaci,1
I. S. Choi,1
"Mativenga, Ronnie",1
G. Cao,1
"Zhou, Yang",1
"Xiao, Ruliang",1
"Wan, Hu",1
M. Kim,1
"Zhao, Yuelong",1
J. Liu,1
M.B. Ghaznavi-Ghoushchi,1
A. Sivasubramaniam,1
T. Cai,1
"Liu, Ke",1
"Delalondre, Fabien",1
L. Chiu,1
J. S. Vetter,1
"Lu, Youyou",1
"Luo, Qiong",1
Woochul Kang,1
"Evans, David Thomas",1
N. Sun,1
"Anwar, Ali",1
"Shi, Xiaodong",1
F. Cappello,1
"Zhu, Xiaomin",1
"Song, Seokil",1
H. K. Lee,1
"Tan, Chiu C.",1
"Choi, Hyun Jin",1
L. Zhu,1
C. R. Das,1
"Chai, Yunpeng",1
T. Yu-An,1
H. Yuan,1
"Rim, K.W.",1
F. Wu,1
S. Wang,1
M. Lv,1
Z. Liu,1
E. L. Miller,1
"Xiaoli, Lin",1
R. Haque,1
M. Koskas,1
M. Jiang,1
"Li, Tie",1
"Haffmans, Wouter J.",1
Ruixuan Li,1
"Cao, Wenzhi",1
D. Luo,1
"Dong, B.",1
Lei Wang,1
Yi Wang,1
J. Piernas,1
T. K. Petersen,1
Gong-Xuan Zhang,1
"Park, Nohhyun",1
"Hwang, Taeho",1
"Ke, Xijiang",1
"Xie, Ping",1
K. K. Matam,1
"Kim, Deok-hwan",1
H. Guan,1
"Jang, Hyeongwon",1
Shuqiang Huang,1
D. Muench,1
"Swanson, S.",1
Min Huang,1
R. D. Callaway,1
"Lee, Hyo J.",1
"Lee, Joonwon",1
J. Choi,1
"Li, Bingzhe",1
Y. Tian,1
H. Yang,1
"Hoseinzadeh, M.",1
T. Y. Kim,1
"Xiao, Y.",1
Limin Xiao,1
"Wan, Jian",1
"Karve, Alexei",1
D. H. C. Du,1
W. Yang,1
"Ma, Sixiang",1
So-Ra Kim,1
M. Dong,1
"Zhao, N.",1
"Mayers, Clay",1
"Huang, Tao",1
"Wang, Junjie",1
Soo-Ho Cha,1
M. Frasca,1
"Feng, D.",1
Z. Feng,1
R. Nou,1
H. Hsu,1
Shu Yin,1
S. Hwang,1
"You, T.",1
D. Rastogi,1
M. Ye,1
Jie Xu,1
"Xie, Xuchao",1
M. Stuart,1
S. Raftirad,1
Jaesung Ahn,1
"Dillow, D.A.",1
"Li, Y.",1
"Hardock, Sergey",1
"Yang, Y.-S.",1
"Siegmund, Karsten",1
"Lee, H.",1
P. Kaltstein,1
H. Cho,1
"Ou, Jianqiang",1
"Wang, W.",1
"Li, Wenji",1
"Yu, Chen",1
"Li, Ge-Zi",1
"Huang, Xiaoxia",1
"Shu, Jiwu",1
"Hsieh, Jen-Wei",1
S. Bai,1
P. Markthub,1
J. Lakshmi,1
Eun-Mi Lee,1
"Lingxuan, Shen",1
F. Yang,1
Nidhi,1
Weiwei Song,1
"Yu, Jia",1
"Liu, Xin",1
"Feng, Bo",1
"Li, Ruixuan",1
"Evans, D.",1
P. González-Férez,1
"Feng, Zhijie",1
"Kim, Eunsam",1
S. Cho,1
"Chen, Haopeng",1
"Lin, Yanping",1
J. H. Cho,1
"Kunkel, Julian",1
Zhi Li,1
"Huang, J.",1
"Wu, K.",1
"Wu, Kaijie",1
"Lim, Seung-Ho",1
"Fenkes, Joachim",1
H. Yeom,1
P. Riteau,1
"Xu, Q.",1
"Wu, Chin-Hsien",1
S. Swanson,1
C. Hu,1
G. Amvrosiadis,1
"Park, Kwanghee",1
F. Singhoff,1
S. Yu,1
Xingkong Ma,1
G. Yang,1
H. Park,1
X. Tang,1
"Gavrilovska, Ada",1
Y. Tanimura,1
"Yoo, Seong Joon",1
"Chung, Tae-Sun",1
"Bhimani, J.",1
R. Thakur,1
"Chen, Xiao-Gang",1
"Joo, Yongsoo",1
"Zhang, Yong",1
"Zhang, Jianliang",1
"Zeng, Lingfang",1
C. Jinzhong,1
Ioannis Papapanagiotou,1
Y. Deng,1
"Yang, Lin",1
M. A. Z. Alves,1
"Chung, E.",1
C. Bekas,1
Siqiang Luo,1
Uksong Kang,1
"Lai, Wenyu",1
"Zhang, Wei-Gong",1
C. Yoo,1
"Milojicic, Dejan",1
"Min, Junghi",1
"Ruan, Li",1
C. Huang,1
C. Rodriguez,1
"Dong, Mianxiong",1
R. J. Baker,1
M. Wang,1
"Ma, Jeonghyeon",1
"Dong, Bin",1
"Li, Jianhua",1
N. Zheng,1
"Choi, Jongmoo",1
"Evans, David",1
J. Xing,1
Y. He,1
"Yu, Weikuan",1
Jiayang Zheng,1
J. No,1
D. Qi,1
Fang Wang,1
A. Madan,1
Hoe-Ju Chung,1
B. Schroeder,1
"Wan, J.",1
Nam-Seog Kim,1
Jihong Kim,1
"Marazakis, Manolis",1
"Kim, Jaehyung",1
"Jun, Z.",1
"Liu, Xianhua",1
L. He,1
"Kim, Hwanju",1
K. T. Malladi,1
Y. Klonatos,1
"Al Assaf, M.",1
K. Cheng,1
"Bao, N.",1
"Ou, Yi",1
S. Boboila,1
Yang Zhang,1
"Lee, Patrick P.C.",1
M. Yoshimi,1
F. Delalondre,1
S. Ahmadian,1
"Wu, Jie-ting",1
"Luo, F.",1
J. W. Lee,1
Zhiyang Ding,1
"Kim, Y.",1
N. Bliss,1
"Liao, Xue-Liang",1
"Wu, Fenggang",1
"Rhee, Sang Youp",1
"Sun, Xiling",1
"Xu, Lu",1
Y. Ren,1
Y. C. Tay,1
"An, Hong",1
"Yan, Cairong",1
J. Han,1
"Dai, Er-wei",1
H. Nguyen,1
"Roy, Amitabha",1
"Jiang, Yanbing",1
H. Fu,1
"Feng, Zhiyong",1
G. Xu,1
W. Choi,1
"Kim, Hyeong S.",1
"Velentzas, Polychronis",1
K. R. Krish,1
Y. Liu,1
"Liu, Wei",1
"Ryu, Junhee",1
"Xia, W.",1
"Lee, Junghee",1
"Yang, Z.",1
Han-Sung Joo,1
H. Hou,1
L. Dong,1
"Lee, Bitna",1
Stéphane Rubini,1
T. Robertazzi,1
"Kim, Deok-Hwan",1
Zhao-Meng Zhu,1
H. Ogawa,1
"Lee, Yangsup",1
Chaowei Yang,1
K. Takahashi,1
C. Mohan,1
K. Dou,1
"Huang, Ping",1
"Duan, Lide",1
"Prabhakar, Ramya",1
"Gibbons, Phillip B.",1
"Lei, Hui",1
"Kim, Jeong-Geun",1
"Liu, Zhen-Jun",1
"He, X.",1
"Jung, Sanghyuk",1
S. Matsuoka,1
"Torres, Aaron",1
"Kim, Jik-Soo",1
Davur S. Clementsen,1
"Teller, Patricia J.",1
"Goodacre, J.",1
"Lewis, J.",1
"Kim, D.-H.",1
"Jiang, Zhiwen",1
"Nadgowda, Shripad J.",1
Z. Yang,1
"Gong, Weihua",1
T. Chen,1
A. S. Lebrecht,1
Q. Shi,1
Jin-Soo Kim,1
"Zhang, Yinghui",1
"Tang, Bing",1
G. Yasa,1
Jiong Xie,1
"Salman, M.",1
Wei Zhou,1
"Germain, Robert S.",1
Woo-Seop Kim,1
"Mei, Linjun",1
"Kim, Y.J.",1
"Fitch, Blake G.",1
"Liu, Yan",1
"Cacheiro, Javier López",1
Alistair A. McEwan,1
"Li, Bing",1
N. Islam,1
S. Padmavathi,1
D. Na,1
"Jiang, Z.",1
"Lee, Dong-Hwan",1
S. Manoj,1
S. Srikantaiah,1
"Sun, Guangyu",1
B. Metzler,1
"Fletcher, George H. L.",1
S. Klasky,1
M. Dorier,1
"Wei, Dengping",1
"Shipman, G.M.",1
"Tari, Abdelkamel",1
"Xi, Zaifa",1
Duo Liu,1
"Eom, H.",1
X. Chu,1
H. Gao,1
"Bilas, Angelos",1
"Xiao, Liquan",1
H. Tseng,1
M. Awasthi,1
R. C. Chiang,1
"Flouris, Michail D.",1
"Li, Tao",1
"Lee, Y.",1
"Bahn, Hyokyung",1
B. Sheng,1
"Liu, J.",1
"Peng, Liu",1
J. K. Park,1
S. Byan,1
"Zhou, Xuehai",1
"Wang, Peng-fei",1
G. Wu,1
L. Jahan,1
"Gila, Miguel",1
L. C. E. Bona,1
Q. Xu,1
H. Nakada,1
"Karim, Mohd Bazli Ab",1
"Koo, D.",1
"Skourtis, Dimitris",1
W. Wu,1
K. Hwang,1
"Hwang, Yeonseong",1
Y. Seo,1
"Riveros, Juan",1
"Changyou, Z.",1
"Ma, Can",1
"Meng, Xiao-Dong",1
"Soulé, Robert",1
Jinpeng Huai,1
G. Zhao,1
D. Milojicic,1
I. Miro-Panades,1
"Kulkarni, Amit",1
"Fuller, Nicholas",1
author,1
"Kannan, Sudarsun",1
F. Schuermann,1
Y. Hu,1
X. Ma,1
Z. Fan,1
"Tomes, E.",1
E. Saule,1
D. Wu,1
J. Biddiscombe,1
B. Guan,1
"Stannus, Simon",1
"Stratikopoulos, A.",1
"Kon, Joichiro",1
M. Marazakis,1
G. H. Chang,1
"Wong, Ping",1
"Lei, Xiaoqiang",1
"Zhou, Li",1
"Chen, Jianxi",1
"Wang, Jin",1
"Anware, A.",1
K. Singh,1
K. Zhong,1
T. J. C. Ward,1
"Pletka, R.A.",1
"Song, Yong Ho",1
"Nam, Young Jin",1
E. Robinson,1
G. Tan,1
"Xie, Changsheng",1
Cheng Ji,1
"Li, D.",1
M. Govindaraju,1
J. Ryu,1
"Wu, Lizhou",1
"Yin, Yanlong",1
J. Do,1
"Yuan, Luke Jing",1
M. E. Belviranli,1
Xinyan Zhang,1
"Wang, Yu-De",1
"Hsu, Yarsun",1
"Wang, Wei",1
"Lee, Sehwan",1
Yi Ou,1
B. Chapman,1
S. Zeng,1
H. Roh,1
"Wang, Fang",1
I. Papapanagiotou,1
U. Shrawankar,1
"Ren, Yongjian",1
Y. Zhuang,1
Luis Cavazos Quero,1
"Huang, Hao",1
Soumya Saha,1
H. M. Makrani,1
S. Nie,1
H. Irie,1
"Kim, Jungkil",1
"Park, Y.M.",1
Hoon Lee,1
"Li, Renfa",1
Zhen He,1
"Strunk, John D.",1
W. Jin,1
"Liu, Xiaodong",1
Y. Terada,1
"Wu, Weiguo",1
"Mosch, Christian",1
F. B. Yusuf,1
K. S. Lee,1
Keum-Hee Ma,1
"Garg, Rajat",1
"Zhao, Gansen",1
"Narasimhan, Giri",1
"Ruan, X.",1
J. Chan,1
"Jensen, Christian S.",1
L. Yue,1
"Al-Wesabi, Ola Ahmed",1
"Lee, Geunhyung",1
Z. Huo,1
"Härder, Theo",1
"Li, Zhiyuan",1
"Gerofi, Balazs",1
D. Dutoit,1
G. Hendry,1
"Hacigumus, Hakan",1
H. Sayadi,1
Sang H. Son,1
Y. Yao,1
"Duro, Francisco Rodrigo",1
A. Maruf,1
K. Tang,1
R. Kudo,1
G. Yadgar,1
"Zhang, Shuangwu",1
"Jo, Heeseung",1
"Koshia, Janak",1
"Lee, Donghee",1
L. Orf,1
M. Storer,1
H. H. W. Chan,1
Athanasios Fevgas,1
"De, Arup",1
"Zou, Nianjun",1
Q. Wang,1
Eduardo Tavares,1
"Kee, Yang-suk",1
Huang Huang,1
Zheng Zhang,1
C. Shaobin,1
Tae-Kyung Jung,1
Man-Sik Choi,1
S. Kleiman,1
X. Jiang,1
P. Li,1
S. Li,1
Xiaoling Rong,1
"Oral, S.",1
"Qiu, Meikang",1
H. Ohtsuji,1
Z. Guorong,1
K. Wen,1
Q. He,1
Tianzheng Wang,1
Antonio Espinosa,1
"Kotaro, Yoshida",1
Michael K. Bowen,1
H. Devarajan,1
C. Zhang,1
"Buchmann, Alejandro",1
Sae-Jang Oh,1
"Zhang, Zhiyong",1
"Yao, Bin",1
J. Taibo,1
"No, Jaechun",1
"Yang, Guangwen",1
"Mi, N.",1
X. Wang,1
P. Aggarwal,1
"Jiang, Guo-Song",1
Ben Lee,1
E. J. Kim,1
S. Miyokawa,1
H. Hsiao,1
V. Vishwanath,1
"Mollov, Todor I.",1
"Zhuang, Yu",1
S. L. Pallickara,1
Y. Dong,1
"Whang, Kyu-Young",1
Y. Kang,1
"Butt, A.",1
Q. Guan,1
"Bai, Shi",1
X. Liang,1
"Metzler, Bernard",1
Hyunchul Park,1
"Kato, Shinpei",1
"Lin, Mingwei",1
"Liu, Lin",1
"Wu, Guiyong",1
K. Cui,1
G. Li,1
"Mayers, C.",1
T. Tokuda,1
M. Annavaram,1
"Betke, Eugen",1
Seungryoul Maeng,1
B. Wu,1
Bo Li,1
"Lilja, David J.",1
Z. Kong,1
"Alghamdi, Mohammed I.",1
"Mishra, Pratik",1
"Noh, Sam H.",1
H. Cheng,1
M. Guo,1
"Wickberg, Tim",1
J. Planas,1
"Wu, Xiaoquan",1
"Xu, Yuan-Chao",1
P. Desnoyers,1
N. J. Dingle,1
"Doh, In Hwan",1
"Wang, L.",1
A. Oprea,1
"Liu, Baoan",1
"Shen, Zhiming",1
Kaixin Huang,1
Z. Yao,1
G. Jia,1
"Kotsifakou, Maria",1
"Zhang, Tong",1
K. Liu,1
"Shen, Biaobiao",1
D. Singh,1
"Cheng, Xu",1
V. Gleyzer,1
Wei Xue,1
Yangyang Zhang,1
"Park, Chanik",1
Gabriel Antoniu,1
Na Wang,1
B. Sendir,1
"Hu, Zhuang",1
G. Panagiotakis,1
Philip C. Roth,1
P. Mishra,1
"Chen, Xian",1
T. I.,1
"Kombrink, Stefan",1
"Zhou, Wen",1
Huizhen Zhang,1
"Xue, Fei",1
A. Herkersdorf,1
"Zheng, Long",1
"Tang, Zhuo",1
"Makatos, Thanos",1
H. Midorikawa,1
"He, Wanhui",1
Meikang Qiu,1
A. Elias,1
"Li, C.",1
J. Lofstead,1
"Gottstein, Robert",1
"Fang, Yi-Chiun",1
Xiaohua Meng,1
"Zhuge, Qingfeng",1
Shuigeng Zhou,1
JiWu Shu,1
Q. Koziol,1
Panayiotis Bozanis,1
S. Gao,1
Soojun Im,1
D. K. D. K. Panda,1
W. Jiang,1
C. Gao,1
"Wu, W.",1
"Shin, Kang G.",1
"Yang, Weijian",1
P. Jin,1
"Chen, Shi-Yan",1
"Berger, Holger",1
"Dun, Nan",1
"Li, Qiong",1
Jihong Guan,1
Q. Wu,1
"Wang, Jue",1
Alseny Diallo,1
"Hu, Yimin",1
"Huang, Xiaomeng",1
S. Lin,1
"Liao, Jianwei",1
Y. Fan,1
H. Jeong,1
J. C. S. Lui,1
"Liu, Chien-Yi",1
S. Guo,1
"Liao, Wei-Keng",1
"Yu, Yu-Cheng",1
A. Kougkas,1
"Guo, Jiayang",1
G. Yan,1
R. Mythili,1
G. Dong,1
Hamza Ouarnoughi,1
K. Dong,1
Z. Ming,1
T. Kuo,1
R. Fang,1
"You, Shaodi",1
X. Ruan,1
K. Ganesh,1
P. Long,1
Heng He,1
B. G. Fitch,1
Seongmoo Heo,1
C. Filippidis,1
Xiaochunyun,1
H. Qilong,1
"Vandenbergen, Nicolas",1
M. H. Jo,1
"Ahn, H.",1
"Chai, Yun-Peng",1
P. Chen,1
C. Wang,1
F. Tessier,1
J. Xiong,1
"Jean-Baptise, Gregory",1
Song Jiang,1
"Chen, Yu",1
"Liang, Weihao",1
"Huang, Xin",1
Y. Ni,1
"Park, Sanghyun",1
R. Odaira,1
"Wei, Yazhou",1
H. Homayoun,1
"Cui, J.",1
"Kim, Sang-Hoon",1
Mais Nijim,1
"Li, Shanshan",1
Lihua Yue,1
"Garcia, J. Daniel",1
"Expósito, Roberto R.",1
A. P. Ziviani,1
V. Talwar,1
"Maeng, Seungryoul",1
H. Du,1
"Koukis, Evangelos",1
E. Guthmuller,1
"Peng, Xin",1
Yifeng Luo,1
Xinhua Dong,1
"Gedik, Buğra",1
J. Mu,1
M. Mishra,1
P. Gonzalez-Ferez,1
"Lee, Sungjin",1
"Butt, Ali R.",1
"Chen, G.",1
"Lee, Ju-Hong",1
"Zhang, Ji",1
"Shin, D.",1
"Quanxin, Z.",1
J. M. Patel,1
H. Song,1
P. Raghavan,1
"Wang, Yinfeng",1
X. Jin,1
Weimin Zheng,1
"Ju, Lei",1
Z. Haipeng,1
"Franceschini, Michele M.",1
Daniel Q. Duffy,1
"Wang, Na",1
"Yoneki, Eiko",1
"Lee, Doogie",1
M. Factor,1
H. Xu,1
M. Cao,1
"Kwak, Yunsik",1
G. Liu,1
"Fortes, Jose A.B.",1
A. A. McEwan,1
"Luo, Jhih-Cheng",1
"Curioni, Alessandro",1
K. S. Venkataraman,1
"Zhang, Z.",1
"Liu, Yi",1
"Lai, MingChe",1
Shuangwu Zhang,1
Yu Hua,1
P. Pradheeba,1
J. He,1
J. Shen,1
"Li, Kenili",1
K. H. Park,1
"Pan, Yifan",1
X. Huang,1
"Morjan, Peter",1
T. Zhou,1
J. Fortes,1
Q. Harvard,1
H. Sun,1
"Wang, Rui",1
B. Hua,1
"Kotselidis, C.",1
Y. Jo,1
"Jung, Hyungsoo",1
"Huang, Yongfeng",1
"Yang, Tian-ming",1
"Wang, Q.",1
E. H. Wilson,1
"Lu, Yu-tong",1
"Xiao, Weijun",1
"Kim, Minkyong",1
B. Zha,1
B. Li,1
H. V. K. G. Narra,1
"Ligon, W.B.",1
Yubiao Pan,1
Kamel Boukhalfa,1
"Huang, Fangting",1
"Wen, Hao",1
K. Zhao,1
"Bhimani, Janki",1
"Guo, Min-Yi",1
N. Mi,1
"Hu, Fei",1
P. Zeng,1
"Shankar, Dipti",1
"(DK) Panda, Dhabaleswar K.",1
Jialin Liu,1
"Liu, Jian-Liang",1
M. Tanaka,1
D. Byeon,1
Fangliang Xu,1
S. S. Hahn,1
"Hwang, S.",1
"Ming-Tat, Wong",1
Soon-Hong Ahn,1
C. Min,1
Qing Liu,1
X. Yang,1
B. S. An,1
S. Hu,1
"Chai, Y.",1
M. Gokhale,1
"Focht, Erich",1
Tao Xie,1
"Renault, Éric",1
Keqin Li,1
Juan Touriño,1
"Artoux, John",1
Jorge Veiga,1
"Zhang, Baoquan",1
Young-Jin Kim,1
"Xuan, P.",1
C. Harrison,1
A. Schuster,1
Y. Leung,1
T. Chung,1
S. Ambareesh,1
R. Garg,1
S. Jin,1
"Song, Zhi-Tang",1
"Bhamini, Janki",1
Xubin He,1
M. Snir,1
"Chen, ZhiGuang",1
"Srimani, P.K.",1
"Reddy, Vamshi",1
"Prada, Laura",1
"Tang, Zhen",1
M. Sakamoto,1
"Wesner, Stefan",1
"Khil, Kijeong",1
"Enes, Jonatan",1
"Saif, Abdulqawi",1
"Li, Da-Gang",1
K. Bergman,1
"Kang, Sooyong",1
"Huang, Yu",1
M. Z. Komsul,1
"Choudhary, Alok",1
"Nakashima, Kenji",1
A. Curioni,1
X. Su,1
"Bolt, R.T.",1
"Rush, E.N.",1
S. Natarajan,1
S. M. Ahn,1
"Grider, Gary",1
Zhaoqing Liu,1
A. K. Somani,1
B. Settlemyer,1
S. Atchley,1
M. Wasi-Ur-Rahman,1
Jesna Fathima,1
"Maltzahn, Carlos",1
"Chen, Chia-Yu",1
"Wu, Heng",1
DukMin Kwon,1
"Moon, Young Je",1
B. Marks,1
Y. Kwon,1
M. Condict,1
"Xie, C.",1
"Arunagiri, Sarala",1
J. Jeong,1
"Garcia, Javier",1
Y. H. Song,1
"Sker, Remzi",1
Bing Wei,1
J. Tang,1
S. Chang,1
C. Small,1
T. Newhall,1
N. Jain,1
Eric Borba,1
"Tacchella, Davide",1
H. Choi,1
"Panda, Dhabaleswar K.",1
G. Fu,1
L. Yu,1
"Lee, Jinhyuk",1
"Dong, Wenrui",1
R. Grout,1
Liyan Qiao,1
A. Manzanares,1
Nikkita Shekhar,1
Jianxin Li,1
"Verma, Akshat",1
Fei Hu,1
L. Liu,1
"Seo, Euiseong",1
S. Wan,1
"Koziris, Nectarios",1
"Han, Wen-Bing",1
Víctor Méndez,1
"Li, Qiao",1
"Geng, Shaofeng",1
"He, Shuibing",1
D. Kim,1
"Lujan, M.",1
"Coburn, Joel",1
P. Halvorsen,1
"Wan, Ya-ping",1
K. Zhu,1
"Jun, Kyungkoo",1
Tahsin Kurc,1
J. Tai,1
Z. Tan,1
G. Han,1
J. Bent,1
L. Carloni,1
"Jiang, Congfeng",1
"Tahar Kechadi, M.",1
W. J. Knottenbelt,1
Hyun-Kyung Kim,1
N. Bergmann,1
C. Pu,1
"Cui, Jinhua",1
"Ignacio, Brian A.",1
J. Dai,1
Jei-Hwan Yoo,1
"Zhang, A.",1
"Anggorosesar, Aldhino",1
M. Araya-Polo,1
J. H. Kim,1
"Huang, Jianhang",1
Ambika Pawar,1
"Won, Youjip",1
"Piao, Zhegao",1
X. Peng,1
W. Chan,1
Y. Ma,1
"Yang, Chun",1
"Gim, Jongmin",1
Matt Wolf,1
H. Espeland,1
"Blas, Javier Garcia",1
H. Liao,1
"Lu, Yu",1
"Tatemura, Junichi",1
"Lee, Sang-Won",1
G. J. Lee,1
"Kant, Krishna",1
"Patel, Jignesh M.",1
Yassine Hadjadj-Aoul,1
Xiao Ling,1
"Eisner, Louis Alex",1
Yongkun Li,1
"Moon, Sangwhan",1
"Koh, K.",1
K. Kwon,1
"Hwang, Soonwook",1
"Park, Dongchul",1
J. Lentini,1
Z. Shen,1
C. Engelmann,1
"Li, Xiaoyong",1
D. Niu,1
K. Ota,1
"Schneidenbach, Lars",1
"Dongri, Yamg",1
G. Antoniu,1
Arezki Laga,1
L. A. D. Bathen,1
"Aourra, K.",1
"Wu, Jie",1
"Yao, Jie",1
H. He,1
R. Lee,1
A. J. Uppal,1
"Ishikawa, Yutaka",1
T. Yang,1
B. Nicolae,1
"Lin, Han-Yi",1
"Rao, Guozheng",1
A. Carballal,1
C. Ma,1
J. Lim,1
"Chung, Pei-Yao",1
D. Voigt,1
Zheng Li,1
C. Hong,1
"Nussbaum, Lucas",1
"He, Xubin",1
C. Xiao,1
Tsengdar Lee,1
Yinlong Xu,1
"Niu, Zhong-ying",1
"Brandt, Scott",1
L. Hu,1
"Kim, Young-Jin",1
Y. Cheng,1
"Wang, Bin",1
"Song, Huaiming",1
"Bhat, Adithya",1
"Wei, Jun",1
Theo Härder,1
"R, Krish K.",1
N. D. Dutt,1
"Li, Ming",1
"Gupta, Neha",1
L. Schneidenbach,1
"Kim, Yi-Reun",1
"Lu, Ying",1
"Ikken, Sonia",1
"Park, Doo-Soon",1
Muhammed Ziya Komsul,1
"Kougkas, Anthony",1
"Xiong, Jinbo",1
H. K. Stensland,1
"Nanos, Anastassios",1
"Kushnarenko, Volodymyr",1
K. Xie,1
Lijuan Lu,1
"Kim, Youngjoo",1
"Chang, Da-Wei",1
Wei Tong,1
Xiwu Gu,1
"Huang, Cheng-Wei",1
K. Kyung,1
L. Huang,1
J. H. Chun,1
W. Hu,1
Babak Ravandi,1
M. Hou,1
"Zhang, Yong-Le",1
M. Wolf,1
"Lee, J.B.",1
T. Yoshinaga,1
M. Nakajima,1
"Ding, Z.",1
S. Kannan,1
"Kwok, Yipkei",1
"Kim, J.-S.",1
"Fengli, Zhou",1
"Talwar, Vanish",1
Young-Sik Lee,1
Zili Shao,1
"Fu, Yinjin",1
"Du, Zhenwei",1
"Song, Il-Yeol",1
"Kim, Seonbong",1
S. Pathak,1
"Song, J.-S.",1
"Altiparmak, N.",1
"Gui, Chao",1
D. Meng,1
"Wang, P.",1
"Paik, Joon-Young",1
"Yang, Ming-Hong",1
"Qiu, Ke-Ni",1
"Nilakant, Karthik",1
"Bolt, Rory Thomas",1
Weihao Liang,1
"Nath, Suman",1
"Wang, Chunling",1
César Acevedo,1
Jingning Liu,1
"Yu, Young Jin",1
"Ward, T. J. Christopher",1
S. J. Byeon,1
Yijie Wang,1
"Zhao, X.",1
"Guo, Ming-Yang",1
Philip J. Rhodes,1
Z. Ke,1
"Wu, Chen-Tao",1
P. Lee,1
"Kandemir, Mahmut Taylan",1
D. Tiwari,1
H. Shen,1
Xuechen Zhang,1
W. Wang,1
D. Rajagopal,1
"An, LongFei",1
XiangZheng Sun,1
S. Shin,1
M. D. Marino,1
T. Yeh,1
J. Gu,1
Yousef Nijim,1
Moonhaeng Hur,1
"Du, Congjin",1
"Al-wesabi, Ola A.",1
K. Hu,1
S. Yoo,1
"Shin, Dong In",1
Nan Qiao,1
S. Hyun,1
W. Dong,1
"Kang, Woon-Hak",1
J. Kon,1
Yu Zhang,1
"Gropp, William",1
Norbert Podhorszki,1
M. S. Iqbal,1
Dong-Hyun Jang,1
Shadi Ibrahim,1
H. H. Huang,1
T. Tian,1
D. U. Lee,1
"Mithal, A.",1
D. Wang,1
S. Deng,1
"Ding, Zhiyang",1
G. K. Lockwood,1
J. Romero,1
"Nakagami, Makoto",1
T. Yemliha,1
"Kasampalis, Theodoros",1
"Lin, Li",1
Z. Qin,1
Q. Zhang,1
"Cao, Zhichao",1
"Ran, Qiangjun",1
"Schwan, Karsten",1
"Ge, R.",1
"Kwon, Youngjin",1
"Ong, Hong",1
"Zhang, Diming",1
"Kandemir, Mahmut",1
S. Ebrahimi,1
"Cheong, Seungkook",1
"Schürmann, Felix",1
W. Lo,1
"Li, Xiuqiao",1
D. Dai,1
M. Lin,1
Y. Huang,1
"Patrick, Christina M.",1
Porfidio Hernández,1
Mudar Sarem,1
B. Wadhwa,1
"Kim, Jin-Soo",1
"Xie, Xia",1
J. Xue,1
"Eslami, Hassan",1
H. Shin,1
"Song, Kyungtae",1
"Amritkar, Prathamesh",1
"Petrov, Ilia",1
"Bahn, H.",1
"Song, Zhenlong",1
"Liu, Jian",1
"Song, Ye-Qiong",1
C. H. Lunde,1
Minyi Guo,1
Z. He,1
"Neuer, Matthias",1
"Wang, Xibin",1
Y. Chang,1
"Lu, Zheng-Wu",1
Siwoo Byun,1
"Bent, John",1
F. S. Bao,1
Guillermo L. Taboada,1
Oyindamola O. Akande,1
"Kim, Taeseok",1
"Liao, Xiangke",1
"Tseng, Chien-Kai",1
"Tomić, S.",1
R. Zhang,1
R. Drost,1
"Oldfield, Ron",1
H. Wu,1
S. Pallickara,1
Djillali Boukhelef,1
"Xu, Chuncong",1
"Kim, Taehoon",1
N. Podhorszki,1
Y. Nianmin,1
M. Arjomand,1
"Liu, Z.",1
"Pirahandeh, M.",1
"Li, Chu",1
S. Eilemann,1
A. Gavrilovska,1
Y. Oyama,1
B. Yin,1
"Sun, Hui",1
"Gwak, Hyunho",1
"Kim, Yoonhee",1
L. Tao,1
"Zhang, Jifu",1
D. Zhang,1
"Yang, Jun-sik",1
Jingling Xue,1
B. Zhu,1
"Zhou, Yuanyuan",1
Jeremy Logan,1
"Pleiter, Dirk",1
"Xiong, Nai-xue",1
"Fu, Jianyu",1
"Xu, Yinlong",1
H. M. Aktulga,1
N. S. Islam,1
"Yu’an, T.",1
P. Rajeshwari,1
G. Koo,1
Sang-Hoon Kim,1
Qiang Zou,1
B. Chang,1
Song Wu,1
T. Härder,1
"Yang, Liang Huai",1
"Lui, John C.S.",1
S. Ji,1
Alireza Poshtkohi,1
"Ma, Xiaosong",1
G. Ju,1
D. Tang,1
"Hua, Y.",1
Y. Oge,1
"Moon, Bongki",1
P. Vivet,1
Hanqing Liu,1
Xiu-Min Zhou,1
P. Wang,1
H. C. B. Chan,1
"Kim, Youngjae",1
D. Yu,1
"Gupta, Sanchit",1
"Ko, Byeungkeun",1
K. Mueller,1
"Ota, Kaoru",1
"Yin, Shu",1
Zhenxue He,1
"Fan, Ziqi",1
W. W. Ro,1
S. T. On,1
A. Santos,1
"Koh, Kern",1
"Zong, Ziliang",1
Yanyan Shen,1
E. Lee,1
Pierre Olivier,1
H. Koc,1
K. Nakashima,1
"Trahay, Francois",1
"Jia, Zhiping",1
"Hoseinzadeh, Morteza",1
T. Raynaud,1
M. Malensek,1
F. Li,1
S. Chen,1
B. Gong,1
G. Hu,1
"Huang, Jian-zhong",1
N. Shahidi,1
A. Haghdoost,1
Tao Zhang,1
Y. Cotronis,1
John L. Schnase,1
J. Soumagne,1
"Gibson, Garth",1
Scott Klasky,1
"Chen, Han",1
B. Feng,1
Xike Xie,1
Bingbing Zhou,1
Zhisheng Huo,1
"Lin, Bin",1
"Han, S.",1
K. Schwan,1
S. H. Noh,1
"Zhang, Ning",1
P. Hofstee,1
"Klonatos, Yannis",1
"Hyun, S.",1
"Carothers, Christopher",1
Z. Qian,1
"Xi, Z.",1
L. Pabon,1
"Liang, Xiao-Yao",1
F. Clermidy,1
"Fang, Aiman",1
"Kim, Youngjin",1
Y. Baoqun,1
"Lu, Zhongyong",1
X. Ju,1
J. Bernard,1
"Alghamdi, M.",1
J. Fenkes,1
E. H. Sha,1
"Yang, Robin Jun",1
"Ying, Wang",1
"Portillo, Ricardo A.",1
"Wang, Weiping",1
"Zhang, Li",1
Gaoxiang Xu,1
C. Chung,1
Z. Xiang,1
D. Koo,1
C. Kim,1
H. Joo,1
"Caulfield, Adrian M.",1
"Huang, Yizi",1
X. Xu,1
X. Meng,1
T. Cheng,1
Y. Hua,1
L. Chang,2
C. Xu,2
"Cao, Qiang",2
Tong Zhang,2
"Xie, Chang-sheng",2
"He, Jun",2
D. Li,2
"Abdullah, Nibras",2
"Liao, Xiaofei",2
"Corral, Antonio",2
"Wang, Xin",2
"Wan, Shouhong",2
B. Wang,2
J. Wan,2
"Zhang, Zhe",2
M. Li,2
W. Yu,2
"Islam, Nusrat Sharmin",2
Jipeng Zhou,2
W. Zheng,2
"Ahn, Sungyong",2
J. Chang,2
H. Wang,2
"Chen, Wei",2
"La, Kwanghyun",2
"Jiang, H.",2
"Chang, Wooseok",2
G. Wang,2
H. Jiang,2
X. Zhao,2
J. Yin,2
J. Liao,2
J. Shalf,2
"Mao, B.",2
L. Tian,2
H. Abbasi,2
"Kim, Shin-Dug",2
M. Zhu,2
J. Kang,2
H. Y. Yeom,2
"Zheng, Weimin",2
C. Ji,2
S. Oikawa,2
"Kim, Jihong",2
W. Liu,2
R. Salkhordeh,2
K. Zhang,2
"Abid, Mohamed Riduan",2
"Li, Yongkun",2
Ze Cheng,2
Jing Li,2
S. Park,2
T. Lu,2
"Lee, Jaehwan",2
W. Ding,2
J. Shin,2
"Guo, Minyi",2
"Qin, X.",2
"Fevgas, Athanasios",2
M. Chen,2
"Son, Seung Woo",2
C. Yang,2
Laurence T. Yang,2
"Nijim, Yousef",2
Hai Jin,2
F. Chen,2
"Lee, J.",2
"Cheng, Y.",2
Yong Chen,2
H. Tang,2
"Manolopoulos, Yannis",2
"Youn, Young-Sun",2
M. P. Mesnier,2
L. T. Yang,2
W. Chen,2
R. Xu,2
J. Shu,2
"Nijim, Mais",2
H. Chang,2
P. Olivier,2
Zhipeng Tan,2
H. Hu,2
Y. Tang,2
"Song, Nae Young",2
H. Lee,2
J. Chen,2
S. Hahn,2
Laurent Lemarchand,2
"Liu, Jingning",2
"Ruan, Xiaojun",2
X. Zhou,2
Yuhui Deng,2
"Yang, Chengcheng",2
H. Eom,2
"Zhao, Ming",2
J. Yu,2
Y. Yue,2
Z. Lu,2
K. Davis,2
Q. Wei,2
Jalil Boukhobza,2
"Swanson, Steven",2
L. Lin,2
J. Liang,2
U. Yoon,2
B. Mao,2
H. Jo,2
P. Liu,2
"Carretero, Jesus",2
J. Zhang,2
Dongkun Shin,2
N. Zhao,2
"Sumari, Putra",2
"Lu, Xiaoyi",2
Q. Yang,2
"Tang, Yong",2
"Zhang, Guangyan",2
"Wasi-ur-Rahman, Md.",2
"Ou, Yang",2
P. Huang,2
"Wu, S.",2
"Ge, Xiongzi",2
"Lu, Yin",2
F. Meng,2
L. Cheng,2
"Chen, Zhiguang",2
"Roumelis, George",2
R. Li,2
Y. Kee,2
K. W. Kim,2
M. T. Kandemir,2
T. Zhang,2
"Shi, Xuanhua",2
P. P. C. Lee,2
B. Choi,2
"Wang, Y.",2
S. Rubini,2
"Yang, Y.",2
"Shi, Liang",2
L. Wang,2
Peiquan Jin,2
X. Shi,2
T. Li,2
"Xu, X.",2
C. Chen,2
T. Cortes,2
M. Huang,2
D. Shin,2
H. Liu,2
"Yoon, Su-Kyung",2
"Xue, Chun Jason",2
"Hua, Yu",2
W. Zhang,2
"Chen, Y.",2
"Vassilakopoulos, Michael",2
S. Liu,2
"Shin, Dongkun",2
"Liu, Guangming",2
Q. Cao,2
"Yu, Jie",2
B. Xu,2
H. Asadi,2
"Li, Jing",2
M. D. Flouris,2
"Feng, Kun",2
"Du, David H. C.",2
H. Tan,2
"Zhang, X.",2
G. M. Shipman,3
D. Liu,3
Y. Fu,3
"Wu, Chentao",3
D. H. Kang,3
Y. Zhou,3
"Yamaguchi, Saneyasu",3
"Jiang, Xunfei",3
S. Yang,3
H. Chen,3
C. Park,3
"Chang, Hsung-Pin",3
F. Wang,3
D. Lee,3
"Son, Yongseok",3
"Tian, Lei",3
J. Xu,3
S. Yamaguchi,3
K. Li,3
"Lee, S.",3
"Guo, Zhiliang",3
Z. Li,3
"Li, Dingding",3
O. Tatebe,3
Y. Son,3
S. Byna,3
L. Zhang,3
A. R. Butt,3
"Lv, Yanfei",3
"Thakur, Rajeev",3
H. Bahn,3
M. Lee,3
"Chen, Xuexuan",3
X. Qin,3
J. Ma,3
Y. Lu,3
W. Li,3
H. Li,3
Q. Li,3
Dan Feng,3
J. Huang,3
D. K. Panda,3
L. Ruan,3
"Mi, Ningfang",3
K. Koh,3
S. Oral,3
K. Kang,3
"Wang, F.",3
D. Feng,3
"Eom, Hyeonsang",3
C. Liu,3
"Yang, Zhengyu",3
A. Bilas,3
"Al Assaf, Maen M.",3
Z. Wang,3
J. Boukhobza,3
G. Zhang,3
"Cui, Bin",3
B. He,3
S. Wu,4
H. Jin,4
"Kim, J.",4
"Wang, Jiangtao",4
R. Prabhakar,4
T. Wang,4
"Yang, Puyuan",4
Y. Pan,4
Y. I. Eom,4
"Xiao, Nong",4
J. Wang,4
"Jiang, Hong",4
S. He,4
J. Yang,4
J. Li,4
C. J. Xue,4
"Chen, Yong",4
X. Li,4
Z. Zhang,4
"Sun, Xian-He",4
S. S. Vazhkudai,4
"Meng, Xiaofeng",4
S. Kim,4
L. Xiao,4
"Yeom, Heon Young",4
"Zhang, Xuechen",4
"Jin, Hai",4
"Liu, Fang",4
L. Shi,4
Y. Zhang,4
X. Chen,4
B. Dong,4
"Li, Jie",4
R. Chen,4
"Han, Hyuck",4
S. Jiang,4
Y. Zhu,4
"Davis, Kei",4
"Jiang, Song",4
D. Shankar,4
X. Lu,4
X. He,4
Y. Xu,5
"Wu, Suzhen",5
J. Park,5
M. Jung,5
"Feng, Dan",5
Y. Chen,5
C. Li,5
"Jin, Peiquan",6
X. Sun,6
C. Xie,6
M. Kandemir,6
S. Lee,6
"Yue, Lihua",6
"Mao, Bo",6
Y. Li,6
Z. Shao,6
X. Liu,7
Y. Kim,7
"Qin, Xiao",7
J. Lee,7
H. Kim,7
C. Wu,7
X. Zhang,8
J. Kim,10
Y. Wang,15
